address,claimScoreBps,handle
0xf4911d8c946abf7ba497f6308eab891f4f223c67,10000,
0x288d0a09f7cd59ee93eb4a540d30fd91c179ec73,7993,
0x1abb4f7d77c6cad78291bd5736d3ddf8d8992c13,6447,
0x5f42f7b655b5e24c2b677e60598594ee0598a2ef,6159,
0x81e6947bd884fcb6d03e8acd93775354c8669ef3,6151,
0x1113237f7d7e3e10834afafa448e28e1332fdacd,6082,
0xca4c02922c98b58f9b341d41540bf98850d3df78,5826,
0x7241dddec3a6af367882eaf9651b87e1c7549dff,5176,
0x03ba34f6ea1496fa316873cf8350a3f7ead317ef,5080,
0x3056f08ac40ec5f28b1f7ef33d1020d2aed74fdf,4830,
0xbad8ca0d3ef9e2b9d2a3149b707a879ebea2a0bd,4724,
0x058110818e847ce5571ad7893bfccf25d4e70059,4341,
0xd1898665a01a91ac10bd2c6cb1899336df34ac33,3807,
0xa081e1da16133bb4ebc7aab1a9b0588a48d15138,3423,
0x8cbf96319b3c56d50a7c82efb6d3c46bd6f889ba,3409,
0x3facd5297ce90685e5c97b089117482effc67cc6,3188,
0x6867d5318281f1676a90e8d2c21261a3372339a6,2998,
0x285c54d5fe93a2af4dcc788f878e042a02839946,2956,
0xda86780f3902ebe7a92204d939cf1e03009ecf18,2904,
0x7cb75ea73e219fdba24b45966fd9ec0780fb7229,2877,
0x9e57dfeeded3f566a1ce6deae3f547a379aede80,2866,
0x94734e11b78680a35b0a86ba3ce634d334d6d2a7,2746,
0x82b16fbdb9e1aa666b007a9df40d2dcefbaea791,2720,
0x01a719a37c75f63968c0e597318914fb3210608f,2670,
0x2dcc5b6135795fb408b59a53218490443a4c6101,2617,
0x7ea1bb15c6d91827a37697c75b2eeee930c0c188,2595,
0x38488dca8dccfeebfd3cc298436134e3b3af6b8b,2590,
0x1f7c95bf6f50c4828770ee31c15f45c08b6501b8,2541,
0x3d5e9077ef8f9c6b0e10d6c62c1a022a49675cc3,2520,
0xc8970a269384463c0033d7e71135e41581146006,2487,
0x7ec53b8ab315eb9d8b2ca7a3544e443552decf4b,2477,
0xe588a2b38f24c72e30535885d645ceba44480d1b,2437,
0x680f6482ff8b8c945b3889d094bae7959c0861aa,2406,
0x7aa96bfca841b8fc3879c17555330cbdbbcad3e8,2388,
0x45d1fb2bbc085a24e81ed9e8e02cef35ce21ec46,2373,
0x97306540aa68deaa0cb327efcd5270fd65c65592,2372,
0xcf3051562d449242b29df0a4d4e3de475c3aec65,2240,
0xd9bfbc709da3e481e469af815265fbd1bc4ae31f,2155,
0x2f71129b240080c638ac8d993bff52169e3551c3,2135,
0x1188c07568378f87c66f59ab4b6b5faaa63773b6,2114,
0x6ea4e2d5667e7d8cf5052383bfd09db548d2ec3e,2032,
0xc192df1f2de80dd0a0559b352d08338e0244e3a8,2011,
0xb22796cccbff0e61b49c3fa529948f85fdf575c0,1985,
0x08ede5c20c6cb3b5f84f918322126ab207ac6cd0,1922,
0x714b831eb02fe854283219b2b9f1c6951f46dcb9,1879,
0xfea429e517e70e1ec38238001289a6880a2ab7b2,1878,
0x140d3f60ac840571a3e08e218b823094d4715564,1836,
0x6865b74ce9c215936e4608c96d891e063fb3717d,1835,
0x7cfd91e5f136a3673b36f956c1dae93c7d7e2751,1803,
0xacfa80835a3080967c7a580620f4b269cc91edfb,1713,
0x2867e85ed5e2da68f33191e08b7be7a2335a3ded,1710,
0x82ddd6f8c74319f019b4f9cf5ce1d8037e87050d,1670,
0x3f764aaf5a5590878d7fb0aa961b3bc33a13c542,1647,
0x317a56a8020db9ea0d1126ef8bfaf55697cd69a0,1628,
0x7bbca1bfc2edd0259c368c7174d1ddcada3f0cb7,1622,
0xea95bb6dede570fd6043b17a8f4db18064294af9,1611,
0x4086c5f64eaac850f4b9bab7f72e7cab9d5e825a,1592,
0xff824ab2fcb6986e399b5af922c4a20778a047a1,1520,
0x5af1eaa21031264e1750fef7a590c792291c1554,1515,
0x99216d07099604c76f57edfe2b34f7b292f4331b,1505,
0x4707a0b55671b90ecfa8378ed41ff739d893dc6b,1503,
0x8b4f8f688e69bb8515ada430d07f5667956c43f3,1479,
0x0f873f3ee740ed8cfba4b4ea75de6821d0b2decd,1451,
0xc59addc6ef782e002332bc8e4442bcc6b4879b01,1450,
0x5eacd1bf7a2d7c22160a05ece74a5ff1cf08f8ee,1424,
0xd892a5aa9ded7d9dce8355e86dc2b8d9dd788b73,1406,
0xd469ce76ca266dc2b84b2782a1879e6e0743492d,1392,
0xa6f3d47dba703104d5d2e67e8c8b4b88df373526,1391,
0x0b98139e564ccee6629e39b1c670f517fedfc8e1,1340,
0x62705362bf8407fbbad2303a4dd44a721fb5e559,1301,
0x6206221b6f714254f302646b78aae9587429ca93,1285,
0x224e69025a2f705c8f31efb6694398f8fd09ac5c,1237,
0x6ce9ac48be646295027fe609829248de96886003,1213,
0x68c0dd2b5a5df00bca4f7df8ca9b1425fe817728,1162,
0x7dfe96c2b94c97db2dd7a6d0765ef54034343641,1148,
0x1d1374a1f087cd35ef5b3b95d1689a55e78e7ae6,1145,
0xcb7f78f9454370202023485733d2a350b6cbd5a1,1134,
0x70d9b2084d24823789073d3732a327b2c18a7e6f,1130,
0xe9226adfc65b6a7f39bbd490f261efd833ea9907,1104,
0xa9aee5ed1b5ff1cc503298328defe11f6c0d2a8e,1098,
0x5199317c07b4fa8d5e5e16c3bcdfd7bcd164fc55,1070,
0x005f77c52ecdffc4a66d8833348fa89b4c49069f,1070,
0x596c1f6cc6351d82ec3024e34f1b6331755ecd09,1068,
0x3a3f213b5052ed741cf058bbc33594dffd04a755,1060,
0xef89060245fa4b73500891a6fbb33fac60d0458a,1045,
0x275cf794f4aa879e84853497b3f5b8d498003e00,1015,
0x986619cfd35cbd2c61d6b73bc39bcb157d4fac0e,1014,
0xd0b13457f264664a59b869f3bc477bfb7fe42a4f,976,
0x52a2e6603cd9ece90e924ff68b3cdb73e52c72ef,976,
0x33f0accced31b7fe5dd9b3dc760fd507f9733234,974,
0x0ad387ab62bdf36dab3c9c239635e7cf09c61e88,971,
0xc3b8bbd76c78a0dfaf47b4454472db35cebd1a24,937,
0x76e6c8874280c3105e83a5598a0e2e568d09ccd0,936,
0xa39e07467b1f349530a3aa3d5b6ff0a89ddf8e23,923,
0x5c3fa65c3eb57f83c67f947321ac5969e72ed44d,887,
0x8ec081f2ab38e8bda5ce7f4bead3cbdaccce55b2,875,
0x1aa79330c419c873347fbeb4aad4883e6f641583,869,
0xba3284b2218af3693ef80e6df41a97a35d1ea705,869,
0xbc7310f7949ff9f18e2b95e84811206e4390f9bb,868,
0x1bdebaf12ec0ce61bcfc4c8e2bb15f1286fbfe2a,863,
0x9fa75ac192aaff2ceaaf4ebd0aea243ad6986dd8,848,
0xae6b19b637fdcb9c5c05238e5279754c39de76a9,837,
0x10c163364fe153cadf6532a5b34481eefb99d96d,830,
0xbec8fb9bfffb44609cae2746722c5c025bf7ab35,825,
0xea81c84b96e4875c7c74800a054d963d54027fdd,824,
0xea47dc95d96db80ad330cb0a810b7b3507e22ab4,814,
0x5fb1c0521d74fce03f194b808b4ff4001db67b3b,811,
0x793a54de13204249bad5e14b1507af1817327c88,806,
0x7af76757afbb869180dd2a0ed556afe4accd6eef,785,
0x8bde1fde4000b4d9b42e16561eadd3482778650e,784,
0x12a861cf8d8acfe3f3292c89da4878d8c8575c58,773,
0x65fd21584232b1d5064301e20fa447937261781f,771,
0x1c87869225399b62206cfced6fe883d0ac725c11,766,
0x25ff889d0debf5d1e04bba290aff5273021b9c07,761,
0x6c70e5fc4e4926cd836a6f8b0645aa1a077fa605,758,
0x952580d41f10db41d97fcd6b1984bc2538eefc2c,756,
0x61315007451e00451305f63c93af8cdd866f6bc9,756,
0xaf9797e5e306333f418c998e0f2130b76ed645df,752,
0x311f1919e8ccdfc79348ed0291fe2317522689a6,747,
0x2462ff59e08d60ed5bd737caaa667f5fe435c358,744,
0x374e76a9c31f8971f85ff5ff4d478d19573f832b,739,
0x8aa7602491c530e07d22aec59b8b2567bb71873a,732,
0xe5640b09eaad75a49782de1a50ecee1a0f803f8c,719,
0xc91488b4bc840f9a73e21af456a85dbb050312b8,697,
0xa83444576f86c8b59a542ec2f286a19ab12c2666,650,
0xf1484ba8048349e860e7d9eac49c2764e9e73e05,645,
0xee7349fd2ab7b5c9558a417cc905910aa6982eeb,644,
0xcadb33db3e1535cd1a5f0f246e0e53dcfd1fb3d5,637,
0x2e2ec8e2aaff12a8b35f6d75fffa35ec66e187e9,626,
0xb5cbaf48693dd1f7a4591bdfbf4b8d9c237bca3c,623,
0x9a9eba142e77e5d0cea9516dc32a4968e5bd4fa8,613,
0xac640fd428e40d82027f221e8bd9caf6d6a12df5,610,
0xe0e948a4211790b806e00b264c0e872f209c6d77,609,
0x061294782b7c73a675cf54124853c8133e3463fc,598,
0x8e27b7192f520a3454a95c7c6c3a073344129030,597,
0xad9cc1a85e74bd1300c57082ba86ed21e6aaa5e8,590,
0x5f8eac87de3a519b7701fd29d40110874fbc3e9e,587,
0x0716461c42780435312c4893033b6e3f0238b956,586,
0x5f55ecf93ca791a62e069fac84ddd86ab84142b3,576,
0xe07451907381ec9cecee3c5312fa0cd70f436202,568,
0xb65277f81378438109f6606e174c033d27b1dc33,567,
0x46306dd7483efa241502d661f5db8856313dbd30,566,
0x57963aad1282702397328514dcd36638b615ad95,565,
0x4fd8a2c1fc2ecf37b97201333d516e4e17f7ef11,564,
0xe19c855fdda83baf7058fa3221753361abbdeb78,561,
0x0262cca263f6533416ac840eefa9b4eae2a2d300,556,
0xc445bf044825b6122a9dc7962ac5c7cc56a02e17,546,
0xa421d48e2f17402c8165fc4c46ac78cadbd858a9,536,
0xb84914f420b6de809ac1ed3d4427d90ed596b41c,535,
0x3a2f6a462fd2e7c19ff272348bee4a13f3e7c388,535,
0x437f029a45e40e57c08e1d94f90dd7b4c9ba8657,530,
0x8333579c90a28f76027422bd3752b661e4b24fc5,513,
0x1f0ba780f8f237696aa2c1229d34a5c260c24489,510,
0xdc4471ee9dfca619ac5465fde7cf2634253a9dc6,505,
0x981474ce35b577f029f44a5ef59b4f2a074edd77,504,
0xf5e9c92bbcfd2c53679837fe667ec7a5f12718b1,504,
0x91d4ebb05d3273bdb74af69c20b826f9e76ae542,494,
0x422aa56f1bab6996d5fc256383083d8081e6bcc9,486,
0x5833869fdeb4d371b854d7474f5f84b43320fd05,486,
0xb1ca1bc904880ec0b9bcd140b63e16634063f4be,484,
0x4775ce7442e18d476535b0f6b58a4375dd64b609,480,
0x72423fe5168185afb26390b5b9709ab58d20e3d8,478,
0xfe6cdca35f6dc74cefbe33dbf2e5946c64ed1527,477,
0xbe87e8f8a60e9fbfef2ef1ab45805e49454b1408,472,
0xeec7689e935a0d8c440f9b1d403f0b6305935788,471,
0x7931468453b12624fa7eb98578a5ee6cd1c68498,471,
0xbe48c8cf652e5343725a5d4380108f55d3695699,469,
0xa6583617bab73f18d1db30a5aa4ebe4da4af581b,466,
0xe1a8be6a3939456ac7ff2d1b4ee76727fd115ed7,465,
0x1c472ea188905ecf7be97bffb36ad82236f73aad,465,
0x37910bb88c5251ba34a7a516b3b9ee37dd6f54c7,462,
0x58364c41b138509d260ec6c465bfbd4e5f56fc98,450,
0x19250b770efd981c855195d0ce674f811f350f42,441,
0x2dbea5fa5b573d7bbce1c987514fcc2be36b269d,437,
0xcaa3d3153c67527a18f221119a5222c8f121cc6c,431,
0xe93c369507a38a6e8efa64344f0ed51b1b3bf223,431,
0xa4ead72ae2494d06c1ebc7f3d9e6983efee32893,428,
0x3d8cab36dc5ace012f328a79f66bcb99a83623fc,422,
0x70502f7469360fd4e8f7b1c892f797d6522b9705,418,
0xbc2e8fe3a8993843de062bf66d1ea6041b5fe71f,415,
0x619f10882820f10fc5f1bf06cddcb2db3fdc51e8,412,
0xe5a1fa5102230018c0543d8d734e4cb03398b01d,407,
0x7d3a152cdd6f4878099c780d0bfed51b3c5c2eb4,406,
0xd80046645972f787a15353e836ccf10a4592d8dc,404,
0x34cbdba195141f1bfcb4ba184de6c1a2bca18b5c,404,
0x74ccfd8aa3ab5f24673829b6e4dfa2bade6364e1,403,
0x920705755d44b77ac27237d26fa0d1fb4d832033,394,
0x1ed0a105880d50ec4fd708c5ff97c54fa6336f90,389,
0x9ed5c1b24478f5069febd8359a3869f971c365c3,389,
0x8d0f8a48bf07c799f25c9f16472511ada9fc14ea,379,
0xa8b484814de1cc58f89fce9d4490405dac1e2cd5,379,
0x712961e63dae82090dd88be67ef0cce85833ea5b,376,
0x7a631b4a6b1d0a6b1e433d92690d7c8aba4f23b4,376,
0x5ec1b0bdae0f1f1f1cc7a0ed017a4055ffb557ba,375,
0x28ff8e457fef9870b9d1529fe68fbb95c3181f64,374,
0x0f79fa11a96a9230ae671196cc04cc4b9d77040b,374,
0x875f46b18781b5ff03e02e264eceec0c6c61e56b,374,
0x25f2829f25332c328eadb48510a51b25d28ae273,373,
0x10004ff243b6dd9c1d8dc43ba870fbb35b20aca8,368,
0x8a790b1cf8936d7c061edea1d7230d222032f407,367,
0xdaa5ebe0d75cd16558bae6145644eddfcba1e868,367,
0xe7647dab85d59d9fb1fd0534502c96f1e286a028,362,
0x167d03b82d39a5272077868cbd6597f785c0198b,361,
0x2cf78e80e779487e4c51ca5af1aeb75a3db754a2,360,
0x73ef51128aa789fd991039f2e9c7a80a41d4b4b2,358,
0x04a858be789155a28b4e3dc542c487b06c5757c3,356,
0x77563227f99afa6aad52e3b56b3cb0dd51e9b2a6,355,
0xcfa48d2450efc7ec4b99e763c73d89b011a03e0f,355,
0x70ca166e5faaf567951db137e6e409b684b8f0cb,354,
0xb9e8861c3486efca7cf2b98482d286c9f6f44df7,353,
0x1b005c2a92508f234b945b57bec09b55f700352a,349,
0x5f21b25b5c642bc56859901c1e6edfd5fa3c1689,349,
0x18956283cdb5ed4a12dc2b674e19b410b066594d,345,
0xa007b32a547dedc58186d34200d5bcfb65a02800,344,
0xe5fff9ca7bd7c032676f90c619a52550f6f6607c,344,
0x8320b0663f014886402f6ad82c2b0412aeaf382f,343,
0x0c225af282c9aea0cd00d15c92b62ce73708b811,336,
0xc209bc65c9439d0666e41a25d32569e8b1fd558e,333,
0x6653fadda05df8108e82d6694fa368172549bcbc,332,
0x9084e4b45b2884321ef3232f66efe15644cd4b5c,324,
0xdd03441b141bd02680428a95b59684a34437d85d,324,
0x488320561baa1a4e260cf70a2eedbbffdaf061c5,322,
0x5d468e835c18902c99f015c05b1f73aae4b595bd,321,
0x9912d0c553092b237384894b5fac49a31834a0e6,321,
0x406fb3895e9451cc96dcc21b935cd5c227b43688,316,
0x0bb83b79d1d6a879afa909541c57bc63445e06c5,312,
0xe3e8788123a9086ceb1c2bbff943e6ec824f2aa8,311,
0xe40a02069a60be622d23030365258458b3765b35,310,
0x4c3cff7df41e85d4972c5406ecf105a9aea34b4d,310,
0xaee5d4f0af27f60ef778e7b9a6bebe9632392fc5,310,
0x7022ab96507d91de11ae9e64b7183b9fe3b2bf61,309,
0xd4612cf07a49ff0f7f1fb33bed611260744ab158,305,
0xc3c6a977f317a27520c2334b39036f1878b0cf95,304,
0xb124a577a169c8572e2806bc12e7ffc19924e164,300,
0x163c5bd199c868ffaf5403fd24e8c5f6b959109f,297,
0x89146cbf4a0691c5723fad206749cb377434ce56,290,
0x3ae34ad6c3c219c1617ed75eee5ed0b4220a4ae4,288,
0x9d17bb55b57b31329cf01aa7017948e398b277bc,288,
0x953cc221d2d43ba9b7eb9bdf17617aea39cea774,287,
0x8f8202209fcc3ef9cf697ddd0b8fa06b06d844ea,282,
0x896dd3e81baa1263d9e91f73c9ec15cc88001852,279,
0xaead201886815e6a6ebeee7ac8f21eb4936b9312,277,
0xda368de49ef54877e3831f1fa57e10186911deb5,276,
0x1eadff6fe8a0e6a4bdb6c4f288d110cbd5ec6771,269,
0x780e01e4ae4d0e7d06dc285f46c4c015135e05ba,268,
0x85bed5928b351892cd610a554c018978ba944a95,266,
0x30dcca068f593cbffb5affe8a89f35ae49614972,254,
0x2d3bbe2b53b4710cfe3ff635e37c1d14fa582727,253,
0xd11dbc7c9088760748b1c210cc58c96f153f53a1,251,
0xc6bdcc8678bd24c1886968a09a5b74595a7000ff,249,
0x53bb451b62e19f457cd991c0bff4f840415adbae,249,
0xb0d89e1177dd8e2cb95ecaf4ef2667c6a7c51182,249,
0xdad97c6ff7e8050c8e6fa72a497dc18b80715453,248,
0xc37b45a79707cfe3c62c149c2bde33c0151aeeba,244,
0x20da700ea03e9fe8bf3409d6f66105184aefb2fc,241,
0x0d3c16f2d152373539610da87d231f4d78f73a35,240,
0x2ebb6664adaf8d5326e72f801fc39cb41862a444,235,
0xc9cfac6c2f39ac6c6f8440382dc3590053ba5fb3,235,
0xe3f952fc4e698c1d0c89ac754b903f101a9b0a14,233,
0x04250832030e8df8fc9a52466c49afdba967a333,232,
0xddd0e755304276eff805b84d79cbb67d05d04d0c,232,
0x175d7ac3844ac969c1d17431e59ff057ad17ee3b,231,
0x88ceca932abe52dc7c80326064b086657c06b29b,229,
0xe3b05224fc6a40aa1483a5bb02e2c168e85dd173,229,
0x0098801477a644951e39b3cb00ef4b2bfe04080d,228,
0x6481d4d96dfdd1a931fea283a9c6726495ba2408,228,
0xe7d92b46c67dde2858327745e6fbe682ad82df25,227,
0x8753bfc21ee1aaf07084548cd3ed9de726885a07,226,
0xa8487458afc4c6e18efcd7939badb9ab47e713a4,225,
0xd83bef063e0998e3836e73446a72a22949993a93,225,
0x8112b3dd6ebe598a59504d240dae878a15afdf34,223,
0x9da6b5ad2fc347d4bf0a6e21bc69b7f5987a9153,223,
0x02b5fd2a1e3b7ccb1431328a036588dd72d8cec1,222,
0xe496c37dfcbc30b8cda0f62ba9ababfcedf75c7f,220,
0x65485bca6a2b910d10315dd88d9c19c97bce2a2b,219,
0xe79383c45aaedbe7e56bbd8051462d797478f866,219,
0x33102bed4ba6b2395bcafe1f8db9f69087866e64,218,
0x75b07e64161ace39d6eab54d25f25410ffd3d458,215,
0x399e62557a267b0abd6e99bf22e5af5a21ead53b,214,
0xa8d2de212bff8a78f2587084dfc41a949ff23bda,214,
0x5224898877e689ee1110502982f53abe275191df,214,
0x822ec855cc9f41b592622108e6f3565e976430c6,214,
0xe33e3a7f44099d70f4498346686ed9435ff225e2,213,
0x45903dcd5d25a9f67f7f110f1f13ba13215bfb11,213,
0x6517667689491ae1ff5a4cf1d14c4ebe79a8dfc5,213,
0x6471c3793e004113391bc55d3d9df91802c5d097,208,
0xe9f4cc18969acf37b46916ad044b1ad37241428d,207,
0x1529dbab3f67e072b5f2285033bc6a6f94c9bd2e,206,
0x8de75965706aed26bf2dc17930d77f4a20ee41f2,205,
0x00987cbce7014389197f9d5468dab5a8facffee0,202,
0xdf3bd34a653478ac58cf0fbc32fdbda340214c92,200,
0xbdcb6419ccb21cee2412cced0ac4984b6a290bf0,200,
0x0abc73cdb995a3649a061210dd01172a54e428ac,197,
0xc31372db84e456193e72a162928539c8f5999ff6,197,
0x96165b11f050c47afb52025ae195bd5a9930628b,196,
0x97df39676dd3f2ef7ddccaad4c3ca1ac39b65b77,194,
0x45da50b5e5552ffd010e309d296c88e393d227ab,194,
0x1216083be36842278fb3cf9c3f56b7792ecc359b,193,
0xabe2b1a2bdf9148fd9291c026cf61d422a4c7ba7,191,
0x492dc3bb00235e5cf130641a4dddc26070324cec,189,
0xd2952af4ba24f4bc6afc61078256c00f3ba985ad,187,
0x23d7cd6e356634e10b8b1bb6e2f50c0d824645a8,185,
0xc0c3a547231ea6aebc543826bc55895b015467b3,184,
0x14a33dac19f44c8977fffe3a1169661c140c36ae,184,
0x4fd3bf4b285bcd30848327052abda467a16f9f48,184,
0x7ea4e3524eb537a29f6803d3930ffe84508c46a3,183,
0x70791c5ac1c1389cfbf8bc23c79fe7f0e843beac,183,
0xd7c6a794542411f9bbade9b74e5065e91b2b505d,183,
0x800df3ae6a276f20679451f55b1b8a60368e4e72,179,
0xc328b2c70ef5926cd32ffcb296c078e22ae338e0,176,
0x2e080c63b5256a89e9407f015d6d19b827e704af,174,
0x5f82ac6ece8e9dae70ccdc77e1f77a83816c9635,173,
0x385e95cb76afa73312498f806b04cd97d5c986b7,173,
0x982ea775a5148a7196c4f023cd416139ec750f71,170,
0xd2ffd9cd2b01fee895915e8098193fde3f695904,166,
0x65b8cc51c54d678a19eec4a6c5b688a7aca26f78,166,
0x42e3b2b9969308c2fa6c4b71f6a13762e3136a1a,165,
0x3e81e8957ab04711dfd8ccc0820effb408131e3b,163,
0x5d52f10291ba79caa4076ba98dc253bea8861910,162,
0xf7125e658bb44a716bf6f15222f679da56075c40,161,
0x080c0a06ed64ce5838eb8f998c45bd3aee6d2953,161,
0x806346b423ddb4727c1f5dc718886430aa7ce9cf,161,
0x3048c6da4c236bfa3d4922d9f097e4fa0291d3ab,160,
0x48bf094a566426d2efdc6ece2d09c1a13717a6ee,159,
0xf8f502eff7cb2a774ea273df837c9ce3dea6f21a,159,
0xeddd437f511f63e465302d7aad4dc0bc41260001,159,
0x6d13a6cec7e07d822ae1820e83d7c119485d10eb,157,
0x37d1e20df288c399baaf91ccd93e6e5151f9a938,155,
0x2800d8f97d54b283f782db3b005ad8333c166b39,151,
0x7da7903b0a25b5caf5e3c19972987eca1c7c4ff7,150,
0xa540a85fad845fc76a9c9a13c96ae1b1fa12ea07,150,
0x2fa0f94aa90f96bc05a544d2061b82161356fb63,150,
0xd9d8266b023d17d0f491d9a509edea78a01fe77b,149,
0x1326b0396197bf0a49ca286a8fce1f2835a97d66,149,
0x400b9d6081dc09d2f044848c6ceabee72100b68a,148,
0x52ef0a6cc2321dd836fc952a00bf2f20b17204e9,148,
0xd267d5ffc653d9fa1a95e4bf1ef64855f046bc27,147,
0xfcc04e43cdd8eb524c1f86d987c4ab29324fceac,147,
0xea571382a793e0d185db43188d36e8d63482544a,145,
0x1a0006143f16fbe15f9def2e329a5217de78bb03,141,
0x627b43d56898cce7cb6be4baf7f73c3eadc12604,141,
0x8f2ea1e512e47a1f1b81bad1957a772af9320302,141,
0xc6b9389fa5ce1ac27a7d141cd6a2c0207d138b14,140,
0x1d24ca0c705a1bccdb40eebde3dc592762d3519a,140,
0xf6910d47fbb1f5518d60c721d4189936ecd5a1b6,140,
0xf88908e9aa57585b57961886ec0a920203138d62,140,
0xbe539c14b877c4ec3d76dd3374d9507aaf6f4a3e,139,
0x5ad7792807ea11adb2834711227662bb620ff103,138,
0xda70761a63d5d0dde3bde3b179126127cccb44b3,137,
0x4c26f557c1b68517c88da6e89b5900edf7477566,136,
0x6b662b61a07b8779a2fba621d840361f15abe688,135,
0x5f77dbc7686327d3bf6ec1887e5a3ada0ae60841,134,
0xafefdfbe0a74434f68f35827d6712553a5a17452,133,
0xb6697e62551c4652552de202a9f0921307195e07,133,
0x24fd93973caa7170b2af569e9dd92f5c217a56b3,133,
0xe293e516e4023a6d6c900a1f9724737390b83e47,133,
0x726011339b571ee8648fda8742485a1855ca1302,132,
0x93ce66cfc3cf41ee44615f5d342247e8b2d4bc4a,131,
0xef8191a698d527fbffc6e1205bd34105445999d5,130,
0x877bcf27e3a0a517aa5522e574a79dff36727b37,130,
0x82a8348b5430ca19ba9fa7f6a9bf06f7c1661c4e,127,
0x69f3dab38223298520af6aa4bcb308d4411c2552,127,
0xa7673e702abe6a0efc8ffc3ad8593b832d6eaa79,123,
0x8807842d0846034b52b3c70bd975ce349ae4b683,123,
0x643f95528afa9adcae2f98c2b8751cd6f8c6e43e,123,
0x9d504968a93287ebf5e9c02bac1187bc40549758,122,
0x906abb5e200beb393441dda37aa1e0522cf818f7,122,
0x08d8604a1c24fd74b85366aeafb01186d49708af,121,
0xcf95eb29bc539ea5114532eecfbe4c2c2caea456,121,
0xebd93a2611b0a35f722e79a4bf7f7f000c514a4d,121,
0x4e5ad9ab8df007c13d43ec675391007c9db9a22c,118,
0x6c1f839c9cbdcb93b8c5b98cab23d089ecd83b7f,116,
0x07b5cb1f1d594ef89f1be381b68430b67201cce0,115,
0x9f2173bc7093429aa62c7fa0a8ea0a429c377332,115,
0xbf88e9e0f0bd3e0f1a76d02a573512e63b26299c,114,
0x36d0fbc156a37f86c30625bd4a0442aa450d4307,113,
0x496014d66d983ac6896bbe9c7b5f8107b8c2b73f,112,
0xd8b7e32a4d0a692b87700cd5b9f2b1b1999f928b,112,
0x9eb2971066bd44f7040c239316dec45b676e2167,111,
0xeeb60c8dc1f2c4384710cca2ec6ed968ec4fd4e2,111,
0x66fbd2935ceb2c00de863e822a2200bb05eb4b66,110,
0x25d6c3266136521e590aebd6dc39ae11559297f7,110,
0xc6a9a3a5c62c9bc3ca5c92a2c3c416aa41587fcc,110,
0x2c1278cc952114991757a6ea89be24b5c3b87608,110,
0xf6be056ea086c0e1d6e7664aeebdac9ded54051a,110,
0xb522133dbd9c8b424429d89d821aeb2a115db678,109,
0x76271dd74ad10d0490955c18f2ce77c3c2ef34c9,109,
0x54e6960843119adb79361a3a2d88d3d12bd946dc,109,
0x851e1c31ac75069fb64859f49b1bcbe27f80dd85,108,
0xef6aeec5e093e3cf3b0f7fea2f0d8e4f92a29eba,108,
0xe4eae6268b2ed2a9cabc13cbca80b4a579df7f53,107,
0x833e27d20a89225c49cf150a734a338f36f867cd,107,
0x11007e6735e6ef30cef0ffc479e1029c66bf100d,107,
0xc98d0f0df61a28163cbe1e4092a35896b4b633b6,107,
0x8e6cd6e0f4244efb4d6f738972821ef1fbbfd6a9,107,
0xd7f6bf7d16151dacc7b0a508d012a9658588c46e,107,
0xc21bbbf5f5e7a6ff22907da341d19f55cd230b17,106,
0xb69153881a4cf36cabdaada33b6375f69ed77c02,104,
0xbd43988d8d4ee1a48b8c2e5f8780a38150981226,104,
0xbae410b87886eec1ae68f6efffa3e763b6438b1e,103,
0xf05ebaca4eb261fb6684df95364312ccd6c7de84,103,
0x3eb317bf4533c8f391f9d129aeabcf9e1ea034a2,102,
0xc82f22348b89124d80787ceeadfd84e50455fa7a,101,
0xa905dde14285009dc8300e91a78b8ecfe1071b27,101,
0xa94f8e818f8347ea28f893552f6ecb61ed343cec,100,
0xbf2c3f13ace67076be59b8c2328b6cf94f31be19,100,
0x341be427af787629199f54da8671b2d19aac719e,98,
0xdc0691b19e2c2f742e5888a7a018bd8165224cfd,96,
0xeb96efc429d44dc5d0e78c0814a208f967c83dc4,96,
0xd4faf4bd95058a7dd420c6ce73991e3e5d428a53,96,
0x8689fbe4c9edb797ce89fc0de12016272060daf0,96,
0x8645c8e5288ec9a34e5f5ff0562d581a07aea9d9,95,
0xed64500eaf0026677d0ec7f56d5749fecff321c8,95,
0xab4beb29789bc9606974208261b97c99b41292ad,95,
0x38430336153468dcf36af5cea7d6bc472425633a,95,
0x941a95e58a293f1d8b5b43dfbde07569ca96bd90,95,
0xa218d6a3ad14cfbfc96017d5d7bceee1484bd6a5,95,
0x314a2e5facdf95d88e4453d6f7359d02ce80abdc,95,
0xe3c89e68c85b20624a1300634ff7e04d88b24d97,94,
0xfa2636c80876bf28b18af9efa58b4ddad7c3a943,94,
0x1b1b9923daf23867b6ac10c337a87a9503f60a32,94,
0xa39b17c91aae3ab1035375c7fd70ef6eb2116ea5,93,
0x62f3b3f9ca2025332df22da6deb178eaab19a049,93,
0x280870929507d4902bafb2f736f771ba162c149f,92,
0x11bd7e0870f77e20c0924a5c3614c1130e818fbb,92,
0xece5353b584e047184a7e086dba79c00fdd2d797,92,
0x3e7eeafbcdfec3e2964fb88685f8a6fef5c0ac1a,91,
0x32a9f13a673f34eb1adbf285d4ce96957e746ba8,91,
0x5172038b5299b36100ff6030659fedd28d4643dc,91,
0xca3d4f1d46a4a4a41d92665f89a2cc3e8b8825da,91,
0x065b37cb676472a4f15432df058200cad6f6b5e8,90,
0xf992da2175cfe0de9232ebe23b1140cf01848c04,90,
0x45cdfd158378c0865fe6d91deb69f41b75f36dd9,90,
0xaf57c327e7118116ea28d26cf267e8f95a943b72,89,
0x7bad0783c18d0b7e20dc4e0c720bcd15e8815434,89,
0xf6b3c2e712deb755338d65774f78aa8149f54db4,89,
0xc6ce3d45a8e4ff9442cad10f7af8e6ccc7788f35,88,
0xa2b0405506b13f180e83a66a9903a839b6cbcecd,88,
0xbe87aa3acae0024849c6aff120f7ccf54c714702,88,
0x712cfa6925f55958d7826afef2ad55e9e7b2bf71,88,
0xe8cc4588e5815f4595f9e362694425ae32252df5,87,
0x94afe0469fb16bfb54b6591f340a0e7e8c149e97,87,
0x24a63bc4aa033ddeee3d9b03c7bf0957df042174,87,
0x72aecd827e7b695e6ff563a6e5392db4b50e6b7b,86,
0xc996bd290f6fcd092ab55da212a6004e971eb56e,86,
0xfd17e9b61a50643cbcb34904e9b7ddee298e5ede,86,
0xba4017fd504224bef06814a31e29aea3bb934cdb,85,
0x9b38adf74a1717a5abd076714c1a721690411e96,85,
0xf1e990f2411dcb2da11e4bc25400f5092ddb66ee,85,
0x249136af0d70950e0912403cbbdc6cbb00f73fca,84,
0x2e2aa72014d34796ab06c2f3ec01a08f74a9815c,84,
0x8f74f03231285f23779b5f9c052c3e5fc683e63d,83,
0x5ff6d6b3e605d5915523cc6bd841f776a39139cb,83,
0x7ed65d97a37e3b49d95bc43845ae44b1842b18a1,82,
0xcd64ca874d8027e898e6b994fe9d42cc0b205314,82,
0xce9163fb14696ba0816f1a1d36902636c9b8b13e,82,
0xe8560fa7b864d69a4d5a81e58116088773ff8767,82,
0xb26bd6fdc42301ebc9e0cdcefcb9163f977f4ee7,82,
0x262c7b79c7a47a7fa744b924a37afdcf573f84ad,82,
0xd2b0c57a3efed6b55eb4030e658556a91b7bd575,82,
0xa103363df9947fd0f946a0c5102f2c90c8a63ddc,82,
0x54a80e0417008db88036f4fb2c4646264717f7a6,81,
0x7045f1f80e2f0cdfc358552fecd4f3096b202495,81,
0x455e37d2bb6f6817e94cff85ff6703f308d70269,81,
0x7d0414e0d91b9e4fae88c779c13b9bbafb281b56,81,
0xfc0184e6d3e6a90b413e0a71227d613e7c18e1f2,81,
0xf9392cff2821e97cb19511a1a95b02990fe39647,80,
0xa25491bd9896fb92388c8dbda61c0e630ff573c7,79,
0x30c4141bb21ac955313dcb78e274b8ecfd0406f9,79,
0xb034088b673c8769ffa08a50a1ba396411314ca7,78,
0xf81966f6eb21cc8cebde82b7f440383d646b1144,78,
0x20906e454a9d20181350630ead131d8dfa21dd3f,78,
0xf927ea903c719fcc525aee23c27d90c0b7bdf49c,78,
0xb9cd1e3396278204bdbb76e4e167855da38aa33a,77,
0xdb32c6bae44451db6cb81796770d7f2da539e315,77,
0x6072a31d2efc2d7e140957128660e99351d7e942,77,
0x75c83c67b1e234c903d0088d9e3ff9695c1b9fd1,77,
0xdab2cbb4ab020f860172fbd0cfb244d390a12820,77,
0xe39a0148d68a4c5b09976fe829d7c0ecd9f59a08,76,
0x7a659211f7ad21518a6defa420dda74106e0daeb,76,
0xcdc16595a9d725cddefc82461c2fafe7c6e4ad3c,75,
0xd675a44f1f6a6ed68c766c18989bd4ea3e80885f,75,
0x321014f02f88ece238a30e12b456fd39bb069e58,75,
0x8b2e6f83c955b1e5bfb5e518af885b595f416394,74,
0x9cf5a1411ad72f2a6e118c85104cd7f09296a5fa,74,
0x241b04f1a67460c9dbf12dede6bfa84e3ee4955d,74,
0x59749fb0c4269a67780d38e104af60244545e1b2,74,
0x21c7621e0e158f984e63ad5c272d373bf713368a,74,
0x83ceb470a5dbb71a4678b228c7a5248cbbc88fd6,74,
0x0e12df7b5bc86e5891d52d6c01a8441eede42870,73,
0x957973be80d90d21dbcef415ff39eec492591987,73,
0x0b6ddb7a35ff4d1a09f0b10f7ada94effaa8167b,73,
0x40794924172ad4b2254922a1be8e8d99e96b8b1a,73,
0x16c1372cd269c5b5b7a88d84f251057cc2ef4aba,72,
0xee9e6bf327a3fad9d461227f56877e26ffc2e877,72,
0x4a166535411ead1e93f4d9da2cf181624e84f674,71,
0xd3ca7d23325c0a96ad2e92015d7f64d2e6876311,71,
0x4725865aa13d4a9d4d9f83a8692535c79487911a,70,
0xee5fb481c4febe0681baede82c0f128f306ebe6f,70,
0x71b5fce41f7b925f612505b5a1de27a03fa47f42,70,
0x33ac1d517ffc9da3600c1b0e3db63a10b00af9e0,69,
0x5ab49204ad502ccf2054855ce4314a25530c0b6d,69,
0x796c5b02c128e521c9ed10cc7a796a5955e6b974,69,
0xb3deab44574eb349a8ce66796a61447121696919,69,
0x2db917ec843a50bdc605ab7d21e2251f183511d8,68,
0x868e60f8e19d74e918c8e8f5c96380ff06de14ef,68,
0x0aadaa54b39cb6762184ea2c57b3cf03ceba6d64,68,
0xdadc7829bb796462507b0e7619c74a239c60c801,68,
0x8e158cbe10a1ef7b9ae9be20220f1ae05a6ef902,67,
0xc85a8f6677baca43a7d77c5284eb125782c3bf73,67,
0x889e295355d9847c65d2f53f09c529f1be1c96b3,67,
0xd0df208be97c10e90dd1c3f28cacf4b1c2794395,67,
0x930c855d02e9152583a851fa681e9c626d655a41,67,
0xe54fc1498a2604780c7419002b2a6a2ad83a9046,66,
0xdb1d3c213378e7403d1cc49e4a7a81b28b91050e,66,
0xf1754454c7cc7aac32eb429baafe986e7b8a54f0,66,
0x4c422c0dea9fd2f773b492c0189371940e152151,66,
0xdc02241d6d9cd6a46983045c485fc2b793354a21,65,
0x8b200f4c81c54d9014b4cda3f16501069fa20ab9,64,
0xc3fb5d8a0c8bcf0c165b5c3dab9077e02c327c19,64,
0xccfdcec95ba7716132b592107f9ebfa60b558f9d,64,
0x20a2d6c8cabb3179f42f26eb85fd9c98ac15983e,64,
0x6c965b656c450259a6d4d95a2e68fb4319eecbc0,64,
0xcb80da91f23291cd3561521c7687f932c4ecb6e2,64,
0x1fa91e165b2b8da6d8771130b6e923cfaa52ee37,64,
0x8492ac0cc18b122234645731bcaca1834bcb35dc,64,
0x12630ec9dd45927c68ce09aab9255218583c69ba,64,
0x0d1240034496f09c6ce208adce95a2415a77ce57,63,
0xcae95635c949d271a9c153c07993d10d28ca5e26,62,
0x8b124dea9a17947199387866501f19197716bf93,62,
0x4af505bb5c91c009e8b96acb8cf3601560052c08,62,
0x97e320bf4b11f0aae1de0d32f9768f772bc63335,62,
0x708205103af064c352c62e75c1335b658bdf9461,61,
0x276199bfa8f3696783601cd11fa7c1e2e9cdb325,61,
0x622be1530ae6f6d194b64c751947a8844da97a13,61,
0xc0626da6f0cd2a79e5aeee92c9c9c1652d8655b6,61,
0x58078038b8ca3164cd25d9269e20cc2c83fe8e1f,61,
0x4045fc05e2c2f4b33d79ac579c02d9d64bfabd03,61,
0x9f0475690ef9ff55af7755766df21eef012fe5db,61,
0x120e35946d0f109cdffa4a6f4a0c48c38d4a2365,60,
0x9e716dcba3165044d1717c8ca26ebee94e8fbfc0,60,
0x777421587fcfc4ecd952670284dd861666127750,60,
0x6fbaa517fb881c1da45cbf3c18de0df4e695d85b,60,
0xe7c67aab3804516d64a7f68386a562d64f226dba,60,
0x32f31a5eab0c8fe4268a19d474e74cbfb0d0835e,60,
0x02b71dee6c09a716e4a8914028dba49bfeacaffa,60,
0x92616db33b534e8f2c5281396cb9c1dd88470365,60,
0x466111689e8accdfe852844b59e5fb4b8687bca2,59,
0x1f5c6e53f5bc015da3a653882c2b4563088578c3,59,
0x8a021d359e988166b523da637d47671ff34fe909,59,
0x6e786fcfcb98da9df87ab0b7a2d64067c90daba9,58,
0x761bb6157e91ddfd2a00bacaa48a7818bd544656,58,
0xc3339be2b5a7eb689e28963bba92f06140f635c8,58,
0x7d57df5b6d9d22d7a7305c6ea78a1f86b8696374,58,
0xa857586e9beefc601eac845cbfdd88f4fabb07ca,58,
0x370a1f425f7e23c3f53e3a8d6aa71affe7535f99,58,
0x9d847897becd0aa599fd759597946c92f9406380,58,
0xd66b61b87fd3373de47a2b3ff03926e272e82070,58,
0x866f2db3246700e5e2c74c551ead9a6cbfd2fbda,57,
0x92245b28f9799696d2304a1b19369d58d408158b,57,
0xe21785eac191a95364c8703b4d6b45f999db82d1,57,
0x79faed66d8d6b61ab90ab4d8687328811d100275,57,
0x3ac759a35e0b119718dff24d91a32b4bc4e7ff32,57,
0x5a4094424217422caf7feb0dfc6ef00f6f92dfe4,57,
0x1bb1969ddf6e102bab03e890877290ece12a16e5,56,
0x22389aa4d8a296e10f3603d8ad8ed88f587b160f,56,
0x72a9618d18409a18a9f890ecbfa191953484210d,56,
0x0e8da4b76bf1e276bbf3f9cf238eb8a91ba1627d,56,
0x9ec36d306b430ac5c82b7096ae0331bbd1da3a43,56,
0x8db9b6b5ab0056eae69c82857013a51b47808c6d,56,
0x1b0809255f7a2f02b0f8d743d33930861257b0aa,55,
0x50fb90ccde13c76c6cf7cb2e2bd00525aacae5e0,55,
0x03f87d8b410454ec2750a863652383d26becd100,55,
0xeefa71ec4fc9dabb679d90f00098ee610ffc62fe,55,
0xc55c0293f7c4137ed26800aaa828094d9210aecc,55,
0xed78dac34ecffd0bd4dee04000bc8592bc4e35f3,55,
0x79577b01c80ebd5c58a586a3062388de1052b9e6,55,
0xeb4c1a6b2e333b7f3f6e21cc09325f17e84c87a5,54,
0x1e93e1ce4cb3d60d1cdf6efb1de3385503f93b25,54,
0xe535117ee7610d298b2e75ce78cef69588c7d492,54,
0xc1fe9bd63c85f3504a168774c10bc0ddda321d1b,54,
0x019724d3233f34e942ad1f0491e49089f4ed2eaf,54,
0x99e3ab95b1f12a5f725dadc2c117ccffb581640b,54,
0x57c36362608b9515eda59734d87c4946f51f6ff4,54,
0xfe9d518f4895285090e29b0f99c2f39c8ce9faa5,53,
0x35d0c4992327b7065df4e2604b55997236383786,53,
0xd70f29c1cd36f6cdc7d99c3385d1f18f03d5bba7,53,
0x696dce091174cbe4195a59b365fd89439590f698,53,
0xf72809ed74d6c372444d0b4f8bee74df75c6f166,53,
0x15d0e481595d574466d02eca41dc6ca1318de57c,53,
0x1da5fb6b2f91938895e562b654948777e182770c,53,
0x6b635d72f94ec8029466001b4d97dfa33b0b0f2f,53,
0x3a533792340f2bf98757b4f3bf6af9cd9d053cba,53,
0x96c7393baa0125b76e41e34d66ac2e33f4d4ce49,53,
0xb67909d905191ed613e35976ce08878ceeac51cb,52,
0x15b9195fdb76a23508ec2862d7f98bba4b658a64,52,
0x3ac8ad3f15a43c57718702cee55ff479bfaae0b2,52,
0x27bbce3cfcb79f8e6b30be4ecdb436ed2694670c,51,
0x77c2b9df5dcc8913efce9e405ff43164a60e9ce5,51,
0xef077bcb6a3f54c927f829d806a3a36860826ea3,51,
0xb465290969e847a041aeea897da0522efa45b36b,51,
0x356b18c8e5e018ed1fd86f0e13ae62723a415ad8,51,
0x56fc7009d4efc9924811cf19d5ce6256ca324049,51,
0x9586bd695bf14fc7d54b33c451bb5db866c54a49,51,
0xcb3f6f8f69548e99ae72ead61f54357fbd3c130b,51,
0xfef9162c0f9909d2d41911b7fdd4516039f593ab,51,
0xd68a6f0edd79dee2217581a6e06fec21843cf054,51,
0x2754f7c9a41c213b79422be4b90c346f27a3ceb2,51,
0xdb9d07b4c63dd6c2f0d3ec94fbab3a4225bba48b,50,
0x62320316dcbb889e198dd47dc8df22004155e99c,50,
0xcaabb708a58a6cb0157fc6977f43a64f51d3b2e4,50,
0x730ca048cab18d4f09f2a295936325addfee7bcf,50,
0x54a047535672ef29ce2593d41ab9485273ea4e47,50,
0xda0cc03bb7441126b3965fced4cfe2ad35a28ff4,50,
0x7a56ef43bf1dcca0a3532f97fa96051809fcee46,50,
0xf88a33a04ac6a50082a3a7b8acacbc6b6020c385,50,
0x69378b172e6abc33da43295588f5049d360a4efe,49,
0xaf7172b793a38ebf5994519552bc66fdc98484af,49,
0xa5370288742bd3689989d51221a138a566d5935e,49,
0xbc7ac5ac7de152cfdb5bd75c07cf96b1272f3bf3,49,
0x8d0e38aa5045724a508df0f378e8515d92c3d895,49,
0xa7d53695af1fd11e0b75d37695290c102d59d743,49,
0x91567a845eaa0532aba303efbc78af86879fa0da,48,
0x648563f5b34fa2e808e62850b3e941cf365f33ba,48,
0x32e3d481422c3bb37b8180a72f22178d4a4f2b6e,48,
0x914eea43e404a50e490ac06ee74c84a4e53c2993,48,
0xf9a2ee46b839f4bef8d79d24eb5e6626ee4e7879,48,
0x3ac6dc362695c8463ae81c014c62fae6239fc1bd,48,
0x823f4add32b707a2c1027ffcf862c43f457d2a01,48,
0xb4592c4ea3c49a3156855f0a552562856ec084bd,48,
0x41dbf294c85cff99702f3b3507cff31082927889,48,
0xfdd02b8c8ba41c13c5cfb1915c880a8ddf4b8d0d,47,
0x3e0015d3c29092a6016217bfb884b502b7f59ca4,47,
0x5dfad306b653c8e133ba8fa3475e57e0c1368551,47,
0x85b89508a335c8c23335ad56615a776930300fc7,47,
0xf920f86f7b78e7f2081e90aaf7eb2f1d50f49125,47,
0x58cd135205b202b3f8a314387d6fb57f53be0e2e,47,
0x31ce895c687eaa8d3adef9fe5e96a4810dffce3a,46,
0xce7b589aae184965d45ad2a6bb8731a6994afdd2,46,
0x0fde10fddcebac77d7991b810a2afd1d2c38c47d,46,
0x5536568f580799ed055b8c3553351466d846678e,46,
0x9b0555419ac2a1e7da312a31766c599f3d3f13cd,46,
0xcab10edfe9379509c6781ceb41eb7acdce8e5f07,46,
0x10795be2b46ff958d126c257f300b725305e96fe,46,
0xb390353fa8eb0a8b82a790576ac1507400e06563,46,
0x38a57ff5f2d65ad1c40ba66f0fbed75731c8fa88,46,
0x8f93cbc56f9ac45ae22e995f0788cb391b3cd4e6,46,
0xc5c7d274994b89f78be4a054243c4d52245ee3ea,46,
0x32392683c196c7dd48cd4588c9a54aaff3ee1d91,45,
0x7fddcb1c17888bde01bc97446073030c7bffc9ef,45,
0x5f418a5bc537055ced445598f96f22ec50aaea9f,45,
0xeab930f73762085f86b2967dd47c869a42605353,45,
0x8ea15c4d6bf279cb7e0a9250856c8c90d17d8fb2,45,
0x1d0a78e63d5ec28861a6bc565c2353ebbf955378,45,
0xe92a99d6c025755508f5e748f04ae3fdc94570b9,44,
0x2a87c1345024ab463acc26417124c433b3069fdd,44,
0x4d6ba1f1c547c07b64ad6d47a2424c905500aa4e,44,
0x5e43b136e12cb16fd99e116c60b7d8cf75c73fe0,44,
0xa1cf9cca526b4f568fffb6707fdedf1394992262,44,
0x27cf92ae993df7a1b7e934b924d036c71feee231,44,
0x7c2334ae855db44742efee332653c7617ad969e2,44,
0x1862bba8e6897c13adc0d53802f9b3ae6dcc84d1,44,
0x3b6a0575aaec54fa6e666cc5c03ad0d431f0de74,44,
0xee8ee2bb9c7e57b94b4bbdc881cf9e1a3ba59321,44,
0x6892f1a5facc0c61be3bfdc605eb84c44155a0ea,44,
0x60d7cc8b15d1aabd8f4d65083ad7e6bbe31a2b06,44,
0x8ec94086a724cbec4d37097b8792ce99cadcd520,43,
0xf8432adac1b4780a524aaf64d7d4f45b1b00138f,43,
0x70a9c537c1cae986a84df0f9bace1feba0ed8e14,43,
0x6b4625eb75a722c02d1f1596c0aeaa752049def2,43,
0x54d837e9f118bfd032e146e9af67ed6d95f41278,43,
0xc4f97d808b55da9a82a8de807b2cd00713f4085c,43,
0x3b5ae7a7e2beb5639ed6362589c35d83e01de66b,43,
0xbe5db9e33a2309898d44d9f7a6ee9229eb4d5415,43,
0x57a473f1099fda0b9b21222dba9eca1bcb91c585,43,
0xb278776f465647cdac73f0aa75304a3d7dc16c96,43,
0x2940e3bd0f7fedfeaa3786600fb5f46e43986cc5,43,
0x93607e13a830542815abeb289931c86a24f4183b,43,
0xfb6c75737cdf560e988528d20ad704c23f33de01,43,
0xf4c09e9471eb10c28fcad0bfdce9efe636ee1836,43,
0x8f9533143e27a07dc8fb86131d479512a64e36ad,43,
0x5c583f03177977f4e840856374d572faf7fd9304,43,
0xe61a8d7e3e7734ae99ac3d9a1fd37f7581f12b3a,42,
0x722e3470603da47efe7077d5cd93c70d3bd2983b,42,
0xa002eb43bcbbcd2296ea1f0eccd6decfd2340406,42,
0x4ce743707c2fe656289a1f7e6d4032e96e471c13,42,
0xb68794efddb0ed9cd0f642ee30106d28ad0c08a4,42,
0xa9aa2dd493c1f10a1671cb915f6440481e043ee7,42,
0x690dbe641c2237190f91973c79a9d484f8aa56ba,42,
0xef5dfb08d7232c739154ed89bfb13d04d3f21bbb,41,
0x1d7dba217703d63deea575f489d9e851489ce07e,41,
0x8e741a4fde352fc8cdd2112d5e93923eb476e66d,41,
0x99f0623bfc0efe78ee424bdd91962a2a8efd9bbf,41,
0xc5eacdc7c22afaabeeb23c48ebe9f9878f09eadd,41,
0x5c1c4d9a24d2620fcca9317b39d99bcbf75cca58,41,
0x4f60cba4669acc4d9cf9b35531561797c477b0f7,41,
0x6d3153c7f97aed10deb75b7151f31fc106524821,41,
0xa4ae163c111eccc4f2943f52f5b41a2117d6eb28,41,
0x4d354e37580daa5e12b65a5305a79993d2b346dd,41,
0x7289ef094167e4a389e2635a95a68625ec89595f,41,
0x958a7f4666772bc45fa3a2f737a5df462bb676c7,41,
0xec6b5d3a748b5a205abef696dfbf762892f3f6dd,40,
0xf5860e40853fccd3349cb232015df389957f3959,40,
0xde43f05d9fa75a73173357dbde370918b38d051b,40,
0x1316b0979e7f549417c75fca490442420fcdf5ba,39,
0x36ef6cc841cdf5b6394a1fec7229f1e7706f32fa,39,
0x96530a7e81edf55355424c7b3bd4532218322c54,39,
0x42b101f7d67deda6e7216adaa19dfdf36557bbe7,39,
0xae7f45e9cac43aa06254fcce2f6077190834c37f,39,
0x2961b02dce896d5a63b57997a1ae124736de2cf1,39,
0x4fc1a68a97d1581333cc6051d7fdbd95831dac65,39,
0x18ecf50ac6890927f86360bf67dd65fd6456ebf1,39,
0xb8662b475a5a9b0aeb57acf3193198a79dc7ba25,38,
0xfa7390296a5c62f1e8008d968f112d88ca13b25f,38,
0xd47f59ed8d4e889363a79a56fedf64223609e29f,38,
0x2050c5e25ebc092fa93a11f069918351fea1137b,38,
0xcf2132e168d7d2ea587cff5b110e841e89711c9f,38,
0x06f3654a3c192f7ab84571bb95d74670c73ebe84,37,
0xc0a4414a922b6e39371f6586117d5ae442e475f5,37,
0x310727f5b7af5635521889b1548f2307175720c1,37,
0x6c23c9bf296cef92d0a640cfa86a032f00d82cbd,37,
0x5963b092064e127a218800ac5abd8bb7b48ef207,37,
0x5b919c3d7fe205b543485d369e65fcc984889b28,37,
0x1180dbe82cfcfdb3d0b684468a39b4833d7d1926,37,
0x13b29152c306b37a4eaff7cc076946e2eaee0936,36,
0x4eabe57ec9ed3bbc7e14803ff76912bbefcd18cc,36,
0x97a161ebfa5778e802209584b370e315ae566768,36,
0x26d51cf93ab7c1d51cea6e2220a9fe5a57570069,36,
0xd777380eb9f28e3a85faf176d44e77e74ffc78df,36,
0x3c0e14481944b0be02e69d53f96524657596028c,36,
0x010383d43ace4914dba62ec2b43ac6766db34457,36,
0xf5710d2c624693c6ab2e2fcc7faef0d8499e1616,36,
0x4ce021795aa70d084bbae996bf9d9adfd5a8fbe5,36,
0x7a6e16b0c6f643b6686619962095e646ee73f831,36,
0xcdc1417469d4f6adccd89a4d61009cc573ce6d9c,35,
0xb6c395f9f44f995ce389a5a61636f165863906d9,35,
0x5afa32fa5243c791c3075afc8f6bbe51c689000e,35,
0x23741ebb2c710f117cfb561282ead444f7b46703,35,
0xc6fd48966a5a23f986d1acc4754cdebeba1eac73,35,
0x515bee382ea1043b699863c06f319a8267d58431,35,
0x6e991f5b6b3261a57f88811e6dd435aa4cfbe5e9,35,
0xb5decc7d63a1c7922d902b6a6f6e1bb864b1edc7,35,
0xf18f08a11dfa6ee583e327ce9737e50e8da202fb,35,
0x337f0f042d73924139bdfda38139c9d0bd168f88,35,
0xd9597b196e90618f13a87c0c21d33638c3e8c1bd,35,
0x61586febdb1ba3a0b867cc7448beb83c844d7712,34,
0x408f91fa6c7c62fbdd132ea39d7ef6c21c0a98c4,34,
0x71ae4f5375d196d1d6ca846726414b7a0c3fcc20,34,
0xea51dfce37c2c591129606e6933f81cd166d2b5d,34,
0x00175b31d08f7369eef3996c895e19def2b25d6a,34,
0x6d5d4fb55c61019c5eb9236c3da58c774b8232d1,34,
0x6c378594fe4ecce7c9aaa6742ee9d7581a279233,34,
0xdc24696af9c9d73b2aea2f4359ee7cd10bc55687,34,
0x303fd64686e6f21234d812b6a14ce97bc595821c,34,
0xa32ac6f43458c40369385e60f704912b33312919,34,
0x9b347a09696044eccd6f457d81415ca63a38a5fe,34,
0x4ac1cc742e197efb6594f7ee8c1b156619594de5,33,
0xf45dad138bd9fbbdd7819b91b7b80f47af9a2768,33,
0x47a81370f87180f82dcfb324c4f8681ed3bb5a18,33,
0xebed438947750c845a21128207129f501a39ca0a,33,
0x1956fdd96d7b56e54954b3057c7a5d83699cb1f3,33,
0x7490975a381dc1eed39c5923eabb950f2714e4e4,33,
0x60e720137bcd76d07bbf6838c84bb93e598cc3d3,33,
0x080c227c14e981ed70c1a833c0158d83ffed19b6,33,
0xd635a18f6d45457d5f01c325582eb8afc9855da4,33,
0x2f61d033a2b2d4342a339d9e31a5d2bfbd831cc8,33,
0x7a88c35f8faceff3861a4cad5fa92a49b5253739,33,
0xe1defdd910d44cd2062c8d6d086a55b32ee496f4,32,
0xac52d62566f8e27c3d757eb06ecc9bcec7825ebb,32,
0x61ddd6351b60d403c38ad8c710a557f35c6e2a8a,32,
0x422b79126bf924c1ff53c3bbfcec2654216a281b,32,
0x7e7489d2046c7e5de5430f2ff557dc1ed0081fe0,32,
0xf3098ab447b1e2f7d77b66dceec7e8b775161991,32,
0x463f13f504bd6f4ea6bd707b190526209857a7ce,32,
0xc48d68af38c4413b76c103f196a99e469e11d3e9,32,
0x5121bb6aaa82f5293675fc43ce4795af04702ee0,32,
0x36e4bc44f88686bc9864df8a9235571b35cbd967,32,
0x29b820d18d215f5e943b3e841654d6e3c82852d0,32,
0x119c7d86c7b09528f71136a2b0b2b9b61103ae07,32,
0xc62ba8923dcb291193cd77e799d6d3b8c35acf27,32,
0x4bf3f48edc55ae285790130ab70d7ecabb50cd27,31,
0xae20f0454cc764619489087fb7ef4c3e890062a0,31,
0x1c11f068c83d364ad0a015c01d51d2cc6c62d1f9,31,
0xd4cb6d6309b987e8a4be1627d64f308e360f0cc9,31,
0xa048ebc50f0ad79cd1475bb6e02a866747493e27,31,
0x30c4825defa90e6a209eb27f228a8653ba9878e3,31,
0x570084213256e116d536b1a3620c858d370b875d,31,
0xca304c3d14995d56b68347e02c8ebee11c1d558e,31,
0xb84970924c72cf526e0ad4c63147441fec4d9a83,31,
0x9763e47405ed3f5539cb951e19bb82e6c34e4612,31,
0x6d7b68a3665dec0062c958c79583878940c9a697,31,
0xe4f100b9d50a2fcd41bd475b8a33198779fe5dd7,31,
0x7fd6b3c66179d1b0a40d3da817181b22fed83b6e,31,
0xc4ee1a58f60cfe53779067dc2590c92f82baac6d,30,
0x758200fb466f02dedb4e246152154d15c62c8ce2,30,
0xa46460170b43a103bd7a4a563bdf871de792d488,30,
0x8cb1bec8b776afb487d2e18e3e10c89569216786,30,
0xe572b53924ff4a4318345da7da83a65fec9d2818,30,
0x8f96aa1c4cbd3b10786c81031c6917bcac66423c,30,
0x6cd7718cca04ed5f52bc659ca88cb4c62186d71c,30,
0x7906a8d9de1461eadcdbbbba07af5d6a5d584db6,30,
0x10e667e396d746ad06ffdbec7e4ef0ba6dc3df34,29,
0xfb664576f1b71d0c4f92673630265524fd08f8dd,29,
0x4a11ca20d2af419ce751465184a9e40d8855c278,29,
0x03e52895f1f17c31184b1c89e742fe1b6b1973f2,29,
0xcd634b5c46dfb5b828d69d5302efefc63e626571,29,
0x9bfe0aa9c33655c65c256943fb603c8d5f0257b7,29,
0x421198945845597b5fe579afdc22597af1bcc159,29,
0x52e6e6ecaed00233cb6ce4b1a0362b406d5de347,29,
0x39f8187e3b669c3eb8277b27afaddb162edb4a8d,28,
0xf26bc3f867486a69bbc295e71f3d6911d686cba7,28,
0xbf88235d25f1c45663627a23271884c8f2ea9c6e,28,
0x77412cd69a3c5f37c671ebb1a11501916625c6c4,28,
0x5b86d69c0f7e82d9c7722ea8b7a4fc29f0ed2062,28,
0xf301c1d5f03bb8a707f977fbae931dabb493473d,28,
0xcc7d9d864c20a94d92b1d220e2d615f542d75474,28,
0x88159bf359f0a86a8b6a5f1931e141a4b1c3fe17,28,
0x26bba14c659271834accefdd5cfa4467e537705d,28,
0x002796a4c8ac94fa12895d1a1278762f67d8f3c8,28,
0xd9c11a8de30db0f4c86337ea980254ad10afe485,28,
0xff7c41cf858fa8d726a9d440429a1b244e4c8300,28,
0x7e51dddda80f1b8c2ba02be55bcbb5814a84a2c9,28,
0x657f43b51d1391b4ede6d128806edf5f72e62f9d,28,
0xf5abf5337e54912126e0da229d4b18b59eec7194,28,
0x365c231a37e1de128e62cf173923a7fbae785860,28,
0x904494dbae1c49d5c6fff7ded602a38adee90698,28,
0xa77fb976a64886ab3a089aa3a1664e5fa5c5e927,28,
0x32245e7e21c7aafebb67a331f3e0a3d32b64d36c,28,
0x6a6d2548152135f8b99210cefa5639a7b23642d6,27,
0x20155c8bb94077e93e04d9b882a9997960718e53,27,
0x60795a7f4db614bbf9fd910027c93c6bf06ed1b6,27,
0xd1cb43d5bb39a9d3a5e322a374607fe1e04a3b70,27,
0x48832f6ab17b33c7166954ceb9fbd0c49ba67661,27,
0xa2d278fc8e8ef3adbb6c2b956ec419e13e763084,27,
0xe6f827a21ce9212f00d0dc98982f368c765380d1,26,
0x94f86e2e140e36b756b41d2d3c12da45b4f06b6f,26,
0x80589e531fd346b823b6ee1895631cdf6c15de0c,26,
0x37cdee318ad30669d8ecce4448a1435fa93c0e6d,26,
0x8bc8a18daea28e3d8aa2b9df1b1758efecbfc422,26,
0x6c3c76d57465e86fc47ae124848396bd62efba70,26,
0x3e65f76c016c685ae6b7414437ea8352937a1b76,26,
0x9184134d8ce37204addd28a425e3f8f767b144f3,26,
0x06d37209feed032d4f294f7fdd8a391203b82e68,26,
0x0e7e839d0ef9e6e290e3190aca958724c534042e,26,
0x8d70bcbc7c40f705ab8b8324a7eeb1c81042bfb0,26,
0x5dc1b7697bce578dc928544a150c54599a7305e2,26,
0x74e2ef90461025c2b1a7e7152a09d1380180e781,26,
0x162bfee5746801142384abe294d9a5d36a6de2e3,26,
0x35b5d18bf5d45f0b9acce0a825d477d25095f3a9,26,
0x837cef2faf0f484f1b2824634a850c59de1b6ee3,26,
0x689704054ebe9e927345ca4fcf011f9dafbb6490,26,
0x7f762d41c9754cb8375eec28c5197f8e1da3c1cb,25,
0xccb069b3fb4187f315b8225ebfb5f4fa1feb8fc3,25,
0x9d3968a415122d2541dd91c6212652dc408fa4c9,25,
0x63ebfb3fc9c6c4057146a7002d23fd7e0f742887,25,
0xd0ee88306e587123baafe4ba6c749789ab25ee36,25,
0xf8fd824c19be32923ba1cd2352cf740055eed223,25,
0xfd4f884e64426990486995576cc005cdf0f75a73,25,
0xc2815d3570d985408cf0f5298335d74f18af5ddd,25,
0xfd67a7a25359a07c81741ad16c5ecc6bdac89e00,25,
0x6a49402abb0031ccc5ac9c932c1e03ad5d2ab0d6,25,
0xfad9371a83a0c352f7b72a7d90e2c310fcc697f2,24,
0x650894fa2ae9a68127fa59039eb7bcdc19b8b359,24,
0xf197198f5732c3e4cf57cbf8308b9e7b77dc1d9c,24,
0x99c9cce659b44567f9335bc1333df9f55ea92aba,24,
0xc4dd84f36e1c898bd74ff0455c0ce69095f57064,24,
0xd132a0b989aa85b913cabd30583663289b9e29a5,24,
0x08bbe2a3eab4fd5e5f0bffb8cc6635c7941abb06,24,
0x44f360c796f45c23378294afd06d13284a32aeb5,24,
0xbf46d2161045251cb97d0b41929bc1d36044e1a0,24,
0xc7fbb35b5972bd5f66672f9f0c86cb40026d3dbe,24,
0x8e2b37a47ac94a8a78013ea5df4e7fdeed282277,24,
0x03a4b637cf72709e7b9afd8a45974ebd728cd962,24,
0x7d6b0f07f8410025de994ba8f14ee581628e1ecf,24,
0xe2f889ea2f1c41569792070fc713fda5182e065b,24,
0x7a25d4ce13503ab75206a69bb9d4cfebc92699b5,24,
0x504d8749e84da9b31056df9efdf3517dd405462e,23,
0x5d95bd5926a929a2f68eb70e4d449de5289590df,23,
0xf70c862f3bbe12469d944e36694af01b60d72219,23,
0xbbf54723b04015f6058800149c40d13395546667,23,
0xf21fa193514e9bca7f71ab49b4818260b7c0e742,23,
0x364f1ed29d7f301ef3852688c903adadf937f5c9,23,
0x2432b841a6a3a42758500324f7790752fd44b778,23,
0x7b301ee29dbb748f4059a1ec7b98192b62a0c8c7,23,
0x709a85171f0684cf63f7a94237b99184363349b8,23,
0x80d7a332a0edc5433886fc9ade3c1b9da44af5ef,23,
0x271fca9fa2b782366402582909fca9ec900f979f,23,
0xdafcd354fd47862b939ece9a54cafd2cfe93d5d3,23,
0xec67f06b46ec879641077c049c0ffb249d88d67c,23,
0x046d8083489552fb16fbe3f87bec00033f1e7ae3,23,
0x3c5b5d62db5e1682fa27eb0cf1717570311d1921,23,
0x0e98b8b27c671a5d8285cb61a686d257bb9942d4,23,
0xb554effb99bdb71582418b720a64fe6994980bbf,23,
0x965ec2820727148b8b4bd5da4a7b23efa03d95cd,22,
0xf23b2eabe68abab5c51f282c78e1f45ca518b230,22,
0x2535ebbb25cb7de597c8ecbec8b7e92743446700,22,
0xae2faa8901e7afd15a1784c41ac027616b537c6e,22,
0x3d60658585a075287f0a3f3cc7dcb0ad96038bbc,22,
0xc08c1add8d1d662f29fa0091cc538ccfdfcfda7e,22,
0xe3d77422bfc4076f89162a9d222274fc0c844ba4,22,
0xfc8cf2587f2ca40b02225381b2b158b077283936,22,
0xa7f9eebff15e43c93305054c5b38d039421c8a94,22,
0x0eb1f15436be2d3428bcbee6cf0e7dfc9dbfe78b,22,
0xce6c413b742454c0f4451ba3d7707f3347a59264,22,
0xdb46d7586c8083ac1370db14317c4e142f135125,22,
0x5bd1213573d31d8ad62f6f75ec4a1be45c1137db,22,
0x2941d7e75b7bc2d8b2b4fc5dc479c7dbda00660f,22,
0x0ace70a18c60de9534274c8adab2df98b6523832,22,
0x4b588b5b77103de7cf4ee00b09d71bb620fc94c0,22,
0x133f7210665e7de4afb4ebdcf8b7cb1a5f75aa87,21,
0xc8a2af5d4e171a4f3d5367eded854784ded6974b,21,
0xe1fbaef4972cdd74473b24e60700b3a8f404b8e1,21,
0x871fd22572b8c6c65889c20b7de14ff69e7b1b49,21,
0xeac2beb5aed059933e2148beb35ffd5de9a2d8a4,21,
0xcf72780748f94ed2052004bc18e2ae288f9a80bf,21,
0xd9701bf62e33dc2aa68b3a30c87401b62589ea53,21,
0x204449ba1c4e088d4d4f3859f121f64635318394,21,
0x290d356e62bebf845eeac86dcb988fc68379b67b,21,
0x07a6fa98e6e3156bfb4da4225e47216c9e07efdd,21,
0x1326ca134827fa7907b8a8ca759fd86fa9738844,21,
0x3c3cf9d2ecdd16b8a60c2ffee7f1eaac38802a7a,21,
0x5542efe2abe6b3993864b6aa70643aa53a0c43a5,21,
0x56cb6fe6554acc99a15e52528a5604eec0bbd11a,21,
0x2839605e18396c59ef5a56cd03084b6dca75618f,21,
0x7bb67138c1a92de17dd37334223d723c3c0c61d0,21,
0x4e525877d474006d4ce8ae711c59461f21a30523,21,
0x51d3d27ccd35e201fd1ec35d409b16817e91b6b3,21,
0x878439b66760e2f33d954cd7405a8e5e7fc54fb2,20,
0xe17880ffcfc570fd8c9c248e091fa6c9bf3679b8,20,
0xb471ba750d756cc5a9170cc01a77294d0e1a5f0a,20,
0x4b8cdf152f3ea3a429d1e1c8ddda9fc0f08625bc,20,
0x0d59fbb1bde09ac3871b5be3b2d01a61210af748,20,
0x4c15f85a1ab82bf85d8bc765e96c9007cd1efff4,20,
0x4c7d08a23a8d67d71d3fb78ca067cd6631c83d10,20,
0x122cb266ae57e745377bfce2122034990d8811c4,20,
0xff82d9260445d1a2e527bb817fe7bad33d92a7a9,20,
0x07f3b08f5a66bcad31ba7ef9a2325c8cf0a2fd68,20,
0x18103cadf5af29b24732b82d633c3e20a4c1132e,20,
0xcd015ca0fd53f531bd4dbf7f2880e9dab4078b82,20,
0x48d8a3e9d3a58275c8fa98a12f7f0f7aaffbcb42,20,
0x9ceb526346c8cee0503049117777faa789df51dc,20,
0x4b7c6c967e6763a7891d887b55825ecf60a19e68,20,
0x26d8e8fc3ed95c98b68f3f7b08d3dceea4cf9d86,20,
0x614d7460c97c8decf61e40eb63428cb555e64fcb,19,
0x9194281c5f99c46cf0d1e7dc51f8fd1de3c29051,19,
0x2ebdf35e352778c8efb1412a15d6af29f14b8fd8,19,
0xa8e6353eb896e57452eee8ba2602c132c05be42e,19,
0x99cbf8a99f52e847e55452eaf0e86330256095cb,19,
0xce7a36bc1ecf1cf3ac90e9868543c6c83d36726a,19,
0x8f49a9e262b7b39b12da8d4182652d19ae57992d,19,
0xa0e7d399a3ea4ed1de124ec8f194ed483de90f40,19,
0x6194d04c512c201c7351c22c59538fbb42350977,19,
0x3e88c0f226c9382b63506dc684c754fca90c0aba,19,
0x82ee417d3277de36ff8a783892143e4bb598b283,19,
0xe23775031228a1be68c61c6aa8e50039b188f823,18,
0xb3e57221c0444f6bb38019d660a0355de1a39bf5,18,
0xe9836abea7bbfee7b3afb5c2a5a0179093064ce8,18,
0x9e85e41a94a702163fbf5d652be6f075dc8a4f79,18,
0xb5e302c6ca9213705fb7c8caa02b6a709f81d77b,18,
0xbdfcc02abd764303bcd7df632d4407cc3656d32a,18,
0x31dfda3109f188c763933458b38d9bd81e86ad0a,18,
0x33c60ef1ce9851075fb62ffa947b011be8f94d14,18,
0xc1ee375a391f6edaf787b6dcb637c15a9f70403a,18,
0x80af83bdb07c584b6d7a6cf3887984263ccdb8ef,18,
0x9837203c20d15989a3c4852e5d07e1a7a98cfe14,18,
0x4daf2511dc301447af0203292849ffc2132862dc,18,
0x0858b7ec284f454123161ce6a2d32a7a542495dd,18,
0x77cbfc833cd06cba84d0de9396195bc82b352fc6,18,
0x40ad5c0d56e53afda26e05463e27cead0eb04804,18,
0xf9e1d1e9f22c96752356adfd377231528c7e851e,18,
0xec146520feb8d7e077cb6a9c8df7bf615711ec45,17,
0x3fcd9d2f068e7fdcfbea3fa61e0a345f1e78f5c8,17,
0xc1316fd52b52c2994c6e3b4d096cde6085d167fc,17,
0x0967e03e7eb4ee568f37ac5c9ee472dad8968ccb,17,
0x8d210060a09cec12a4a51566e0bbfbd142a891d7,17,
0x443047f9d2e3aa99f749dbacaab4891bc9c56261,17,
0xe509da764f70af5dd448178b421fe886f2540914,17,
0xadfa5cd0bf8922dfd32dc967d14ee7a295412bdf,17,
0x135c21b2da426760718e39da954974c4572ae9f6,17,
0xb10c4e9ab2b33ca421adc38de4dbf09df6d4be56,17,
0x4f2e1f9b44e2a63ee093119cfa0a819503f288b6,17,
0x72c9fd1363d1a04e40be77af555d17b28d31132c,17,
0x264ab63fe1f534b8b8b219a4e60989467079153c,17,
0x1421207df579584a23fd561571d27801ad31db4c,17,
0xe399cc4347b339e7fa44d4cf20bf2d276e63a52f,17,
0xef612a261b83b9937301ef00a61f77043f740e38,17,
0xbf4fb2feaf23114228ddb2e4ce1a010da83cc7c0,17,
0x6e7a6dcb198440963deaa468628a246a290eff4b,17,
0xf9c1e40f3f66d000ced590ac133f7975323aa88d,17,
0x7bed30e159330141752056b8f68796e913831ea9,17,
0xb9a9c945de120d8c4debac0e24ca3293d9d8c3c8,17,
0xc06b8e8bf9c95c94133b71618c8e428dd62ebcc9,16,
0x51665825742d7bddde2c24e4e48df23662c24ed5,16,
0x84b835e5364f552bff1ddf65c41b129f13df0e18,16,
0xee0a9b2d83e28c515e5eb311cc3c7afc99049dbe,16,
0xc9cf3e5cbb3a5bf863b118df4b968d85a4579d22,16,
0xe908c2d5613d24d49e376f19715c795db8e04f81,16,
0xd72de3a0b15fe4e52894326f1acc0dbaea7446e3,16,
0xc36e285f6b0c366325a0dc06ca96c3c7a2e2afe0,16,
0x557b3900e6f9453b4a328d3104fcb24b68f681c4,16,
0xe4bee101cc9e5ba61ec4c2a31726a1fc6c8a89b1,16,
0xb8f3bb116bb4fb82f044fae685688a271f49c84a,16,
0x3319f9deb6ff8523b708639138b7083eff2a67db,16,
0xcf79733525253891f6a9b3fe0ff5ea989d845835,16,
0x5282b9232d49cced9fe27a3adb6922e6588d7e7b,16,
0xb1ed4027d4f5e041b64270d575d61100b249d134,16,
0xe1ab8500cec64b853b049eae610bddcb73f0efe0,15,
0xaa3600788b72863ff51c8f0db5f10bb65fbfeab4,15,
0x7e0e63be5d4863237137cc9ba2931dc47550c86c,15,
0x75ec3886b1a4a445e3c9937c0f9d0fb75a70fb8c,15,
0x4011c317d0445444f0bb82479f2635f8099c616e,15,
0x11a0db7f08cc49f6eb9ffe038040a5aa0adf3531,15,
0x6bde168c858ab3b5191ad543b3210569b0b9ced7,15,
0x6de2fdf8c74f53de2d323dd546d3d35759dd3df7,15,
0xee8b51eb132b9ddaf2980ee0b9747c583561a02e,15,
0x7f7d38036f348949f9ca48a0b2f239c404e8e72c,15,
0xf1c5bacc57b29bd704b768de3389359da00986e7,15,
0xbcb3ff44333f9c76b57b390b51de141699b6acdf,15,
0xec36f1fdca45e0fce62be1f82b559947188798e0,15,
0x76d8605eef73c1435fc81b1840876decc72a8396,15,
0xb5260846306c032c31f114a7d75f8b4889781cc4,15,
0xf0198a8eaaf8d9c9527d628afa0beabe674169a5,15,
0x5cddca9ce122af0943e982f0840c98002d84775d,15,
0xb139129857a8e27f0d409aec1ea76a8641ffae40,14,
0xba13d022b1d5b9f0525aaeb67d1549dd963af68f,14,
0xfdd2cb9b456278e7ef50ed85a27d1c9a3a3d7ab1,14,
0xbfe0f6a0daef7cad1e706edc24d6b45f70a11f6d,14,
0xa64cff3ad29d5f8be154451ec9970b49a636778a,14,
0xf5d34ce92e6f637e438fb738fda673a392b8f8bb,14,
0x192dfed9916741bc0fb5d393953208c6c09d6811,14,
0x42fc266f626108bbc44a2657587652790bc3d087,14,
0x1a3850b972752b20e528b9f7054ed9fd339c1a8c,14,
0xd6c143e5e56a0af2d709b11921219450a349e83e,14,
0x2f6a148adc748688e461350668d350273ecd07da,14,
0x29f29ad4f3ce75316037c1f3aa8d28bf8baa39b0,14,
0xa8500b190f4f7f5f2d79964111940801812cc662,14,
0x0cd1b084ca734e17d572201dfb2ec72fa7b684fa,14,
0x119f51b4b14c8be7ae7c1552a64083914093115e,14,
0xa4350e399f19ee5139bad9bffcc03bb4acf1e6e9,14,
0x0581b1269e756ba9772b2a822f95d784bbedb82c,14,
0xf62b9f5f2bb8aa9952099356649134cd41ce0583,14,
0x6c2cd3bd6386a37b61152092657b680f1b976592,14,
0x75cbf3115379f777b07d9e91d2150b75bfa7220f,13,
0x44e10f0309fcaa76fdcb8bbc37a131bdfac4a112,13,
0xcabf19c1de58f7305030c1bec3d92db32a9d07d8,13,
0x0be8ac0075c64856bd0949a75b08808e1e0fa69b,13,
0x979c7d1cb4d6d4933008a14ecf00bd2a0ada235e,13,
0xe10c456e68504f935b794ebbbcd2cf37bb06d8aa,13,
0xbf017416a100f98a0c029f628ca224d3c5d35c8e,13,
0x208d334c84a09e4e11e5623e6d04254bdc11caa3,13,
0xc3429039b14c8e71151b547b9246f09a353a9700,13,
0xc41d70a6586e759b30c8631feae7b913ca008a19,13,
0x094f6598bc7163a4e6bbd322903b82b84f3b7ee7,13,
0x9f10daab4cbecfacd1e60de3ff0ead868556bf5e,13,
0xa1742cc29905ec93a43966a927168ff26a4aea1c,13,
0x6ae58fb127c670ae6157c8c8f7c317fbad4663a6,13,
0x5dd52efe8fa1f553f778b95c460c0ca6b485a57a,13,
0x8c8ede8a500abb6b7cb9350586059102bd25c7bd,13,
0x683410123f923ce9ab2ba7ff4ae1ffdf341c010b,13,
0x970f0a2a8845ab33d804f075ae0a15dd483a93f9,13,
0x4877a468d56073fac89d94c46a9e2108b81ef5d9,12,
0x0de0d4134a5852490df960c076cf92ebc1984436,12,
0x2559ff383bf1d0a378af75bec6f4c680eb1479bf,12,
0xd193bc9460b839e2ee3b5ac5ac0477bcc7ee2db5,12,
0x6ddc0222a8188e875939d2d9fb778793320eca18,12,
0x4efa81f1a8f59bf9036f58c6f6a87fe74af876c3,12,
0xafaa559de0bf711c376e94584c7a560d4f1c4bc5,12,
0x8da0313774bfd279986fd6366bcbbb589941a329,12,
0x43ff42588ea74d4b551649bc8ed2c01a4ad22d3a,12,
0xa19505fa7f160063279d2dcffff223ca0dfe67e7,12,
0xb43db5ad6d1b19d90973d1e781897ccbcd291cec,12,
0x0fb73c7a97829fde238057cdc1a390d44c9fd208,12,
0x870df7da420ea174559604d8fab527228d3eff9a,12,
0xca6ca330b54435d8b7366d34a36f100cbf406b8b,12,
0x410110c9ada1808efa9b6810631ff295c50763eb,11,
0xaacc72e3f67f02401f2de287b22138cc6fb89789,11,
0x45e6bd31fa88de85275d168a2083eeb2a9f036a8,11,
0xe4faea9a092c02d41a964d68af40ae332218b153,11,
0x7719a0612bdcc02d0c1e16ecfd93814f437c3fd5,11,
0xd3f1ed7f6ec0ec699a654c34e7f66f6949361808,11,
0xa9badd928cb173469d74840e385125252477c7c1,11,
0x2d582ddaa402180fae3ebca0be919d3112a43d2f,11,
0x1a06bd182579b049216d26b46353aa40b6bf8467,11,
0x97a86d8c57bb3323e98dbc4aa73904b89bea5ba9,11,
0xe7ce8b2ff9c650bece92000934c8f8ee1d2af934,11,
0x960943a1705163de7e3c07c764f66723198c5884,11,
0x5c0ac863381dcd03fa4233cdd7beda0878f19363,11,
0x495e4f8c59f9b2df760f77c42f27ea514697bf73,11,
0x47b421398558d87d5617a6ce5a1ffd5eec3973ac,11,
0x7b0366172d1a85568b95624130befd6e5379c616,11,
0x1709b27fe330411a8e23a2cfa71d64c75c04044b,11,
0x9dbdd95c77a385510229e62b990f63c26b845188,11,
0x88dbfd0ca8928372f5ffcc89864f6dece3ee6b17,10,
0x1b6763ea24bd805f55b0de62d478c518afda4592,10,
0x18ae4a66b25bf0b54ed69c547aba6faf787023af,10,
0xc0e93e7c4f9706acf47ce3fa96567240b28a33c0,10,
0xfa3dd81c66e4c00661b7dda89dc02ddc4538ae16,10,
0xe942cb225e466d762b5f62ff32fa2d3cf1a765f8,10,
0xa05ea59ef587bffeaaa6be7b27abea43d378b245,10,
0x2b5b6f6ac0e6627de3f954e88f2ca2de86d53583,10,
0x0709087f8070fd9f24807025cc2631dcac88b38a,10,
0xee40b443109078e209848ba3229d215a037f6a37,10,
0x00aca5d673209d94caf98ef4bfa54f9d16e4285f,10,
0xeb2a1adc2df34d9fa0745b9620441e1f7469601c,10,
0x33715d6a0b79d023f4e380e887b67252cf9599c1,10,
0xa4b07601132072f847115807a2355f00572ffb67,10,
0x3379254f95cc51b7790c04f8aa8e5fb84f1257f6,10,
0xc8c3f334f93b2da8fcfc71d155647773a9c3e7be,10,
0xb0c3e3e3f69d6d5993748772c791ffeb28aa43db,10,
0xa15c2b6a5692a9d76b019e00ab2ac522c0b827bd,10,
0x0443c9f6a792fed573ee4e28b69742edda473146,9,
0x75585a49a30d95b009ec9d6ae17bffa33d294dbd,9,
0x77dcb767ae72d6aff6b8c20c2a76c6f66a5cb46c,9,
0xd9cf79ea1cf225c607cf9ea8e72f6a08ad227d1c,9,
0xee1c6318c8d652a99f83ca9355b8021a6872630c,9,
0xd50020afe68eb233050923e720ee53b473cc9414,9,
0x4b5cf9304cd2dd968399e92affa44fd9e83849e6,9,
0xacf5c70eb1d16ad8c32e423876da20e0091fa866,9,
0x5883d38d70d1d48b70287a8778929c8564cf07bb,9,
0xeb573b1ab4bf9ce330f95295616723c28414516b,9,
0x64517449ad247c3beb97fbe3d29b1047982227c1,8,
0x195c06be72d835cc0cf07ae04ae7933f299b0dcc,8,
0x9558ca39ef5ffffce00baf1837756542aa5719c5,8,
0x9e9ed55c472ded6dd7b2371edccc32f0cef1c672,8,
0x568bb7aba0d8edbf3e01295b7e4f1c21ff28726e,8,
0xaf92a4a8d90b5b5c68451b6ccae258112ca1f3df,8,
0x0260d2f9e8076885beb98951278ae821c70a68fd,8,
0x7f3367765c25addc748f8af1e4d7abe411f8a7a2,7,
0xf6b7522e2248b6838b1475aaad96bcd1c1012005,7,
0x4c060bb2d99bf1388a11df7e393f97ea622fc6d8,7,
0x5630532478c9f346fb6e64ae00858c5331d8f826,7,
0x6abc578c37c10269f3ce19bdb0585e181232e876,7,
0x316357467c8ebd9420164ec60b1d1e2510ec419d,7,
0x29878269debd0b7f72b0c6f48dc3b061fe2b9791,7,
0x26b1ae6dac1cb26befea2d333613f0e123365454,7,
0x23916785d156184a62a9615e821edc3f41f8b1b6,7,
0xa3a6615451317b6a697df276f6ecf2631b100e41,7,
0xf7acd07725df0c2855a0d5c6b5708e55bae05d98,7,
0x0b8a05f7d3777a20168d7b6f479ff99cffafab81,7,
0x97bb2d5834967326355c07e431d47eb41c98f6a6,7,
0x6444ede53ce4ea4b069b76f335179206803840fc,7,
0x1cec74a9d51a02fa014943dbdaf1c74b77684bcd,7,
0xaf44825f25b438686327ff82d8d19656aa89c60d,7,
0xb7df37d30b5508a255e47b725f9b3e2e10cf426c,7,
0x63aa813701a05b2045f086369f7cf62333b736ce,7,
0x2cbc6b29cd8c1f3ad41b2dbd869dabb3aeaff4f5,7,
0xbaf2a21569ccd82a4312dc91b4f0f9d0d5cc1971,7,
0x3417d10b79174c0de54fad7d0c652d7626e13124,7,
0xe2ca3b8fb2993bb471fd040d7ca4af26a8535026,6,
0x28e35b6d5ce6ac535447e1a93fd7e69273b205d8,6,
0x99592905741c0a847ded8bf447c468abe4c13ede,6,
0xd3b12416624b61793707a85cc0ad57fc76a67b11,6,
0x25fc5ddd42ec90ed502bf253c8bdc1cffda35703,6,
0x3fd3e7b0f0188d7a19ef195d444ed0dc8296648f,6,
0xc994529623a47a8cdfe919b44ce454cec962db18,6,
0xa6a8aedad9a7e7d0070edb66293b4ebd4c8b9593,6,
0xe394fd505b643e265c5da83a694f2e50ded38287,6,
0x876d3eb451a1e77d5537ed72a5aad984c7a4c979,6,
0x25ed5edb13ffb7091f7dc70ce247a50ec037665d,6,
0xa0fce132f67ee13a55d551ce15c679ed707ef55c,6,
0x008614eebfa4e902d8576bdd07b7a7e0701d2e4f,6,
0x53d597adbd4fe407beae97c7ea6f703ce19bdefa,6,
0x6e339f27df81630821e46eca7ad92056fca09899,6,
0x7e7f917bec2b26513b20825e0e57c17008ba81ee,6,
0x69998b7253b757e8721a6f212988724deada8870,6,
0x35fa885a2a2ad26a6e819f001bc62718c6455857,6,
0xf04cfaa538a04768b147626dd9788103962d8c05,6,
0x71e7e917b6e56bb337d2e1eda562e674e8a1d310,6,
0xc42234ee5f1e264d7617fc72bdc6e6706990ae1b,6,
0x6588a930ed24e5cee498aac0b5fa6567ca914faa,6,
0x5db883f8faff32102b3971063a544c20881146c4,6,
0xabcd860c47f7e635fe881bbdd48a1e3384f34bfa,5,
0x945ddc5135015685e49624f2d57ea22d766883b1,5,
0x45accba656ed929acbcff12ba4adbe6b047fd24b,5,
0xc914bcbf631f3c1fbc9016697e8225d9c58b48bf,5,
0x129ac9bc23717b6328ba67aa1da5bc99cba00e6e,5,
0x3aae3b05ca5a426bee4f3aa70bb6e3a51f030298,5,
0xb049836562949482b3f853dcb73e7016a33ba625,5,
0xd54de94f7d80695090b6cc5024219df346300d41,5,
0x3e4a84a1b90060a59d4496e43b8102c07babc339,5,
0x8486b66b2635b50ee7f5da47d6b3da6e3956245b,5,
0xc817339d455006746f69b5f010ff4ed79ee43fe2,5,
0x7923314830805e3997d9f06dd7e740ff2dc37a2f,4,
0xcf86ff52328ef3589915f2401e214284c49993ce,4,
0x7d1d58b93f26bfee2074b69aa7107b069173d0f4,4,
0x91a7cfdd325a839a049bbdc4899f9395af9e458c,4,
0x0d69307d7d637e2f7196de74be4bdec0a1c25427,4,
0xf06f7066f94d309727ffbab6c4c5c1673152bc3c,4,
0x860b74c0be2680472c9f6dcd8d6e22da16820c42,4,
0x4cfcc3a97914c307b6437416f80ff01bddca581a,4,
0x4d30ee53ca4add0fd8d0d04a793a431f8dcd73d7,4,
0x57850b701d4a413f5221c0d7b0c69585ee42f50b,4,
0x4a287a2fbe6026efa79ddfb4c282561995e7dd19,4,
0x0d9d841642dd8d73120e4e3aa7eec3ff9e1f1761,4,
0x4e64f5c82eb13879c9db4e3a595ddac8a44eabc6,4,
0x65b227e00468d34b26c7769125768666ead2faea,4,
0xf8634a26d831c913b95aeae0be7e25ea7176ba3f,4,
0x943d70a7e9f88e3f8d17ac45163649b42b81eca1,4,
0x5dec3d6810fd96ac03593b862639ff32d7d1c78e,4,
0xa4682d0b19e7280e14c1690f46f51eb8b087adc7,4,
0x045079d55dd5894b86f35d1ad7e63eb323d23c83,4,
0x4ee9e91e6e3bae4a925d2a2d1059c9c96e309ee4,4,
0xc678a7af0e40ba1e99390b31dbdb7099c563c935,4,
0xd066a6a5ad4a4ad26527473fb5f8c41a1901253d,4,
0xf3f43cb1081bae91e0fc621566f3f1c69b54333c,3,
0x032c6b88a08cca21654d38bb0a67b8cc05ad3bff,3,
0x36bb1e6d9b1edf7f65bfc28405176dc88cf04edb,3,
0x8867a127839aa8f96d5273bbc4653cf48210c5ee,3,
0x6f01847585fadb65de398bba76a9043f1d4da630,3,
0xe9a2085521ad8e2b1b8ccf8fd75911149a4e1377,3,
0x8b410936bdfe758a823b09382344390bfcd943f7,3,
0x87376cf5c7fbc9a1e499ffc7e3bddb28977e87a9,3,
0xe91a0c43a5f5185fc7c9944942aa2094eeb4ead8,3,
0x30aab3d561023974da161b08e77aa2502f2ab01b,3,
0x80579e405d04e4c5f7d645728304b520066ad261,3,
0x7ec4446381fa63a079e2aa6690c5f1cd6967bad7,3,
0x52a7eb0225a9e02db90430f3ed1ac25989d7fa2f,3,
0x4c8983dc0e8a3d156633811960b6a09ef03fac3c,3,
0x65972e2d19dad762936bf9002a38fc5ea5733768,3,
0x947b7177bbebc8f2ba48ff0dfec3ee82b17049ed,3,
0xa163c5ce6bafb7e7329d3f6c6433467995f29b77,3,
0x8b12614efedd87aa73857cffb18fcb50a0bc2c95,3,
0xcc0e2d7c438b9064b948ac33161f4bcf8b75d9e5,3,
0xfee25ac7185bfc8078f0bbdc9ebe76ed62448865,3,
0x0cb072be6dab6d27212bd44d65880ec05cbee174,3,
0x0a06fb9a3a9b05717f0426463f7ca0bd33b065f7,2,
0xdeaa42f98b1c9c40d61b52cd5d46344298152fa3,2,
0x3d1800955516acb66176ea0806382163dd0bdb43,2,
0x894958783c4fbbd50784b3e32dff79756c110f21,2,
0x02c6f914d9b824b0f627161454441ec75b2a540d,2,
0x5465e339d11ac509e78a4894ed208f93005f98ae,2,
0xdaa12d674762b061dfe27a8b00ceadd2af2a1cf0,2,
0x08383089d13e807184a9d4b881ea9b52daf1a6a7,2,
0x35e8171bb85a471c8e6b379c19515006dabff236,2,
0x533310815a2aa8011203c1d3ad02d59efa504d4f,2,
0x25d89ad88ea0eb0d70727827d50a3f202dfcd5f8,2,
0xb2d95eb137b70700f5fe79e31ce5e4feb1450405,2,
0xe79454efe76e67065475ad628494727ac4a072bc,2,
0x5229df0572c8bc8d9e4b2d6923668139001be2fa,2,
0x02f50e4c3d4147e85a1bbc97cab36350ca8d8cec,2,
0xe25affd1a991d8f4a7afbd5ab2cdab10b012fd15,2,
0x7595071b43bbf23edd4844634af3bc92c713f593,2,
0x769cd5a19f1e99c85ec2f5a10bca80835d43961d,2,
0x5e18b3c138b958b689f7725fd83182f7a3d55c1c,2,
0x7f62a7f6a725981e70d6380950ff28a457b42b32,2,
0xee7ce95c0bf80d69aa50448cab1915786b5fc091,2,
0x06a61fd03051ae191c5c0321324c85db11340bc7,2,
0x692b907a7aced7bac24b34390a1b79ef9d4e3aa2,1,
0xf9ec7e3a39d5976240486ec12a2b5c4a356c8cd3,1,
0x82dfa6f13548b5909acbb7af91e85dd8890a784c,1,
0xffb5f6a72dad30e84b866a5b298405b099d1cd07,1,
0x529bb83628b1cd746fe0559849ddd07e5a0f048f,1,
0xb9d4a5a8c1831997dfd7b127dd6f030dc99adab8,1,
0xf7c0f05c1fd89caf48071b00390b139bc6d1a27c,1,
0x78cdd96254a4cc4b44be65bde090b7c0b77405cd,1,
0x57f17964d17adf5deca486f3730cc1c77e98a849,1,
0x02ad256f41913309974df859f608d50b9f47ea96,1,
0x77883d11939422dcb1a0a5c823c876e8a5cf9110,1,
0x64f3cd3eef368662bd50991a5703b432f3a16f10,1,
0x85e307796738e4814ce485aed80a2b2011bfe068,1,
0xef4cda4cd559a1345829ff56ec3ecaccc56e311c,1,
0x86bf41627ee2a54dc90ed1943132abdec12e3ba2,1,
0x4089e8d0b646e919c4aa3cb0ce1e2f3c9744a596,1,
0xca3bdc70795758e99a20fd62b0118232f3d39f64,1,
0xca8a2b4a90c0f8ba8aca2c087024758a244a2a82,1,
0xb4de53a02b949d391f417468a9d94bfdfb79cba2,1,
0x5f22beafa9b9f31a145abda7817a88a078b8486e,0,
0xe5470000ee9e9cbaa9f729e0c31c417fad793b2a,0,
0xacb52e2bc1bbb4d77004817fcaa14bb961d1cc5f,0,
0x0a5ebc60fd12bcd5402e5f99e3680588b23551d2,0,
0x5f77b6acb1f357e42f0c3ebc940ac16e2c05d749,0,
0xda44efaeb9f4bd97328d1fa00580b026a3d3e219,0,
0xc98c7f51cfc018ad79bf598773e0997dfbac9e56,0,
0x8c2bfdd1396e71d8e652ae8b6d4bf40db6f99e0b,0,
0x5fd77bda65f41a69f02945b955fbc399012b8f6f,0,
0x0d5a5886609915e0b572a94c24d24b2fedb4410e,0,
0xff1fe6694fec115a6e46d076d8ca0b530a3963e8,0,
